dataset;variant;n_splits;d_score;d_score_lo;d_score_hi;p_score;d_k;d_k_lo;d_k_hi;p_k;jaccard_vs_shapboost;identical_subsets
METABRIC;SHAPBoost-noRW;30;-0.001974256665984464;-0.012905267218720323;0.008956753886751394;0.7145205215684589;-4.266666666666667;-7.95126296020186;-0.5820703731314731;0.024749221793643833;0.5360312847596028;0
METABRIC;GainBoost;30;0.0012125186567985631;-0.009527396067085489;0.011952433380682614;0.8190114256509669;1.1333333333333333;-4.782905205701759;7.049571872368427;0.6980772441286439;0.3705868695344669;0
METABRIC;GainBoost-noRW;30;0.00081850362568792;-0.011456052633949325;0.013093059885325165;0.8924617210082821;-8.166666666666666;-13.434160894616314;-2.8991724387170184;0.0035740771558507947;0.32410690210029786;0
Breast Cancer;SHAPBoost-noRW;30;0.02703230397817123;-0.041255009647064717;0.09531961760340718;0.4247480572521637;-3.2666666666666666;-4.993309187496533;-1.5400241458368005;0.0005696708680639055;0.41093859843859853;0
Breast Cancer;GainBoost;30;0.005335791128474058;-0.008248432995346024;0.018920015252294142;0.4283069086898409;0.06666666666666667;-0.2844552641617885;0.4177885974951218;0.7006133777247603;0.9355555555555555;25
Breast Cancer;GainBoost-noRW;30;0.02703230397817123;-0.041255009647064717;0.09531961760340718;0.4247480572521637;-3.2666666666666666;-4.993309187496533;-1.5400241458368005;0.0005696708680639055;0.4109385984385986;0
NHANES;SHAPBoost-noRW;30;0.0;0.0;0.0;1.0;0.0;0.0;0.0;1.0;1.0;30
NHANES;GainBoost;30;0.0;0.0;0.0;1.0;0.0;0.0;0.0;1.0;1.0;30
NHANES;GainBoost-noRW;30;0.0;0.0;0.0;1.0;0.0;0.0;0.0;1.0;1.0;30
SUPPORT;SHAPBoost-noRW;30;-0.00012073900990103118;-0.0008834096332171781;0.0006419316134151157;0.7484266798037618;-0.13333333333333333;-0.6631498075810066;0.39648314091434;0.610662500382775;0.9217147884794944;20
SUPPORT;GainBoost;30;6.013752869042192e-05;-0.0001959571806372996;0.00031623223801814345;0.6346372323315757;0.0;0.0;0.0;1.0;0.9948717948717949;29
SUPPORT;GainBoost-noRW;30;-6.972226641676442e-05;-0.000894421224838654;0.0007549766920051252;0.863923970292326;-0.13333333333333333;-0.6631498075810067;0.3964831409143401;0.6106625003827753;0.9126671694318754;19
NACD;SHAPBoost-noRW;30;0.00035474900368162403;-0.0017685879679249085;0.0024780859752881568;0.7350408243754651;-0.8333333333333334;-2.6626843986120043;0.9960177319453377;0.35919723712273877;0.815139858869836;5
NACD;GainBoost;30;0.00014233876059278617;-0.0008018531635524792;0.0010865306847380515;0.7600409659170095;0.4;-0.9184772851548794;1.7184772851548793;0.5397863095755961;0.9645820105820105;24
NACD;GainBoost-noRW;30;0.0004997430879411476;-0.00162925427291821;0.0026287404488005055;0.634771823566168;-0.6666666666666666;-2.3315810209896823;0.9982476876563492;0.4194926725879322;0.8271764666387093;6
AIDS;SHAPBoost-noRW;30;-0.0020651610370082266;-0.01037231397185517;0.006241991897838718;0.6149877548088788;-0.2;-0.5172939368461733;0.11729393684617323;0.20752737343310518;0.9294179894179895;24
AIDS;GainBoost;30;0.0;0.0;0.0;1.0;0.0;0.0;0.0;1.0;1.0;30
AIDS;GainBoost-noRW;30;-0.0020651610370082266;-0.01037231397185517;0.006241991897838718;0.6149877548088788;-0.2;-0.5172939368461732;0.11729393684617317;0.20752737343310512;0.9294179894179894;24
WHAS;SHAPBoost-noRW;30;4.420866489831902e-05;-0.00014400906309141716;0.00023242639288805522;0.634558071190608;0.03333333333333333;-0.10858283357093113;0.17524950023759778;0.634558071190608;0.9944444444444444;29
WHAS;GainBoost;30;0.00013333522461311437;-0.00028438055895763515;0.000551051008183864;0.519002388365693;0.06666666666666667;-0.1305424042596271;0.26387573759296046;0.4948177550501379;0.9888888888888888;28
WHAS;GainBoost-noRW;30;0.00013333522461311437;-0.00028438055895763515;0.0005510510081838638;0.519002388365693;0.06666666666666667;-0.1305424042596271;0.26387573759296046;0.4948177550501379;0.9888888888888889;28
