dataset;method;n_splits;mean;sd;se;k_median;k_q25;k_q75;k_min;k_max;n_failed;n_empty
METABRIC;SHAPBoost (CoxPH);30;0.6497595182644825;0.022970366030200456;0.004193795876297061;22.5;18.5;26.75;11;35;0;0
METABRIC;SHAPBoost (RSF);30;0.6510602609105001;0.022680512209952767;0.004140876051054158;12.0;11.0;14.0;8;30;0;0
Breast Cancer;SHAPBoost (CoxPH);30;0.7025173346522285;0.10392278217863171;0.018973617345977484;7.0;6.0;9.0;3;13;0;0
Breast Cancer;SHAPBoost (RSF);30;0.6925251522539332;0.1185934391379553;0.02165210059599138;6.0;5.0;7.75;3;15;0;0
NHANES;SHAPBoost (CoxPH);30;0.8105578384230505;0.008866165113229922;0.0016187328770271246;9.0;9.0;9.0;9;10;0;0
NHANES;SHAPBoost (RSF);30;0.8056137440249148;0.010867196376479201;0.001984069530745354;10.5;6.0;19.0;3;22;0;0
SUPPORT;SHAPBoost (CoxPH);30;0.7263017756542891;0.011810222836240185;0.0021562418188571303;13.0;12.0;13.0;11;15;0;0
SUPPORT;SHAPBoost (RSF);30;0.7275747459878065;0.011481292288511531;0.002096187591909292;15.5;13.25;18.0;11;22;0;0
NACD;SHAPBoost (CoxPH);30;0.7592340474718225;0.01631066178530779;0.0029779057958835204;19.0;17.25;20.0;12;23;0;0
NACD;SHAPBoost (RSF);30;0.7564877273166518;0.016852187339688806;0.0030767743830835115;12.0;10.0;13.0;8;20;0;0
AIDS;SHAPBoost (CoxPH);30;0.7322373095152194;0.06879660425649758;0.012560484010346552;5.0;4.0;5.75;3;7;0;0
AIDS;SHAPBoost (RSF);30;0.7135428123519865;0.06820993933931199;0.012453374140733404;5.0;3.0;6.75;2;11;0;0
WHAS;SHAPBoost (CoxPH);30;0.7683760971350683;0.04141495043463193;0.007561300857002097;5.0;5.0;6.0;4;7;0;0
WHAS;SHAPBoost (RSF);30;0.7661318462433023;0.049413214756869106;0.00902157745372812;5.0;4.0;6.0;4;8;0;0
