dataset;method;n_splits;mean;sd;se;k_median;k_q25;k_q75;k_min;k_max;n_failed;n_empty;pareto;family
METABRIC;Boruta;30;0.21995099435334647;0.046832936857685206;0.008550485317056433;2.0;2.0;3.0;1;4;0;0;True;Rankers, size by inner CV
METABRIC;Elastic net;30;0.2997681302111879;0.05430696787201795;0.009915050444404187;73.5;67.0;82.0;47;100;0;0;False;Penalized (lasso / elastic net / Cox)
METABRIC;Forward (CV);30;0.2816318921413278;0.05997720718438643;0.010950289770349786;100.0;100.0;100.0;84;100;0;0;False;Stepwise, inner-CV stopping
METABRIC;GainBoost;30;0.3227633878890434;0.047157095220403;0.008609668266211259;13.0;10.25;17.5;6;32;0;0;False;Ablation variants
METABRIC;GainBoost-noRW;30;0.3235489604124845;0.04542344930799288;0.00829314927522671;11.0;9.0;14.75;6;22;0;0;True;Ablation variants
METABRIC;Lasso;30;0.3030525595781815;0.051592274781389044;0.009419417563590564;64.5;60.0;72.0;44;100;0;0;False;Penalized (lasso / elastic net / Cox)
METABRIC;P-value;30;0.293002470246025;0.044749338712931803;0.00817007408217065;46.0;38.0;65.0;31;100;0;0;False;Rankers, size by inner CV
METABRIC;RReliefF;30;0.34255476759153747;0.04530511773201131;0.008271544984083296;38.0;26.0;46.0;12;68;0;0;True;Rankers, size by inner CV
METABRIC;SHAPBoost (GBR);30;0.32124942043842947;0.0455709673957519;0.008320082269995257;14.0;12.0;15.75;6;20;0;0;False;SHAPBoost (proposed)
METABRIC;SHAPBoost (LR);30;0.3258929383917804;0.05066824316892417;0.009250713244258935;17.5;12.25;20.75;7;33;0;0;False;SHAPBoost (proposed)
METABRIC;SHAPBoost-C;30;0.328450528347207;0.04884061358301803;0.008917035260604063;14.5;12.0;20.75;7;30;0;0;True;SHAPBoost (proposed)
METABRIC;SHAPBoost-noRW;30;0.32437130806396525;0.04526628185859344;0.008264454556112834;12.0;11.0;14.0;7;19;0;0;True;SHAPBoost (proposed)
METABRIC;XGBoost;30;0.3205863896849964;0.047766729223543344;0.008720971697991972;23.5;14.0;31.0;5;56;0;0;False;Rankers, size by inner CV
METABRIC;mRMR;30;0.32572102297183375;0.04501852131794138;0.008219219877121231;82.0;56.0;82.0;26;100;0;0;False;Rankers, size by inner CV
Eye Data;Backward (CV);30;-1.6945847420182973;2.1707709076030883;0.39632673109005806;100.0;99.0;100.0;89;100;0;0;False;Stepwise, inner-CV stopping
Eye Data;Boruta;30;0.21080793480885976;0.3594534227656254;0.06562691600705801;5.0;4.0;7.0;2;11;0;0;False;Rankers, size by inner CV
Eye Data;Elastic net;30;0.2761738584645344;0.4202577057292221;0.07672820846442101;24.5;21.0;31.0;16;47;0;0;False;Penalized (lasso / elastic net / Cox)
Eye Data;Forward (CV);30;0.11898637302784579;0.5894249742990227;0.10761378479349253;20.0;17.0;23.75;10;33;0;0;False;Stepwise, inner-CV stopping
Eye Data;GainBoost;30;0.17636021392999385;0.45277792603380046;0.08266556120970604;14.0;11.25;17.75;5;27;0;0;False;Ablation variants
Eye Data;GainBoost-noRW;30;0.23776679159865077;0.3503778457524655;0.06396994992289701;8.0;7.0;10.0;4;21;0;0;False;Ablation variants
Eye Data;Lasso;30;0.2735702855566318;0.4234655039827301;0.07731386961887834;24.5;19.5;29.75;16;46;0;0;False;Penalized (lasso / elastic net / Cox)
Eye Data;P-value;30;0.2238313705693921;0.41107628610605906;0.07505191825191201;6.0;4.0;6.0;2;12;0;0;False;Rankers, size by inner CV
Eye Data;RReliefF;30;0.18314323394605783;0.3885614059273355;0.07094128233410774;9.0;6.0;13.5;3;31;0;0;False;Rankers, size by inner CV
Eye Data;SHAPBoost (GBR);30;0.27802140984092194;0.38126698990415464;0.06960951026753331;5.0;4.25;8.75;3;11;0;0;True;SHAPBoost (proposed)
Eye Data;SHAPBoost (LR);30;0.20378754844007427;0.4037980178495394;0.07372309435068881;13.5;11.0;16.5;7;20;0;0;False;SHAPBoost (proposed)
Eye Data;SHAPBoost-C;30;0.21064157886129767;0.4167607441992354;0.07608975356018718;11.0;9.25;12.75;8;18;0;0;False;SHAPBoost (proposed)
Eye Data;SHAPBoost-noRW;30;0.1067325709251587;0.4889153945918629;0.0892633301098342;11.0;8.0;14.0;6;17;0;0;False;SHAPBoost (proposed)
Eye Data;XGBoost;30;0.21000341807374762;0.38916918475887297;0.07105224705944348;12.0;6.0;14.0;3;38;0;0;False;Rankers, size by inner CV
Eye Data;mRMR;30;0.27729021652114777;0.35113979266807965;0.06410906176066479;5.0;4.25;7.5;3;12;0;0;False;Rankers, size by inner CV
Crime;Backward (CV);30;0.6217138045070787;0.07973545716620878;0.014557636174306499;81.0;70.0;97.75;56;100;0;0;False;Stepwise, inner-CV stopping
Crime;Boruta;30;0.5763503181241582;0.0756015800823915;0.013802896931386368;6.0;5.0;7.0;4;11;0;0;True;Rankers, size by inner CV
Crime;Elastic net;30;0.5943396767825483;0.2516626630406745;0.04594710580973302;100.0;100.0;100.0;100;100;0;0;False;Penalized (lasso / elastic net / Cox)
Crime;Forward (CV);30;0.6470533784307306;0.04134104545926132;0.007547807716294649;44.5;40.25;50.0;33;59;0;0;True;Stepwise, inner-CV stopping
Crime;GainBoost;30;0.6176248770114005;0.09970853625756389;0.018204204828029823;24.5;22.0;29.75;18;35;0;0;False;Ablation variants
Crime;GainBoost-noRW;30;0.6108671628757215;0.07876508337614684;0.014380470969630263;18.0;16.0;20.75;12;24;0;0;True;Ablation variants
Crime;Lasso;30;0.6539944023555723;0.03873157619278417;0.007071385989505983;54.0;47.5;64.0;39;100;0;0;True;Penalized (lasso / elastic net / Cox)
Crime;P-value;30;0.6133689267256152;0.047812265792836706;0.008729285500056428;68.0;56.0;68.0;38;100;0;0;False;Rankers, size by inner CV
Crime;RReliefF;30;0.6246384417418326;0.049374275776673145;0.009014468201121595;75.0;56.0;95.5;56;100;0;0;False;Rankers, size by inner CV
Crime;SHAPBoost (GBR);30;0.5638806467905335;0.1463004854622266;0.026710692020539373;12.0;10.25;13.0;8;21;0;0;False;SHAPBoost (proposed)
Crime;SHAPBoost (LR);30;0.6011078133428815;0.09771229635178377;0.017839742952500574;18.0;16.0;20.0;12;27;0;0;False;SHAPBoost (proposed)
Crime;SHAPBoost-C;30;0.61887996407229;0.05752119617287867;0.010501885559521827;19.0;16.0;22.75;12;28;0;0;True;SHAPBoost (proposed)
Crime;SHAPBoost-noRW;30;0.6074382884442213;0.08165697055602891;0.014908454917024068;16.0;14.25;18.0;10;20;0;0;True;SHAPBoost (proposed)
Crime;XGBoost;30;0.6251892702151607;0.051634223442330915;0.009427076306208896;38.0;31.0;46.0;17;100;0;0;True;Rankers, size by inner CV
Crime;mRMR;30;0.620498943378845;0.04894950447063467;0.008936915925755526;46.0;46.0;46.0;26;68;0;0;False;Rankers, size by inner CV
MSD;Backward (CV);30;0.22062329174422693;0.026030324436682153;0.00475246529104959;50.0;48.0;51.75;44;56;0;0;True;Stepwise, inner-CV stopping
MSD;Boruta;30;0.05017043237185083;0.08322960955959631;0.015195578202712839;2.5;1.0;3.0;1;90;0;0;True;Rankers, size by inner CV
MSD;Elastic net;30;0.2238449127296273;0.025428938961767455;0.004642667827594011;82.0;81.0;83.75;80;86;0;0;False;Penalized (lasso / elastic net / Cox)
MSD;Forward (CV);30;0.21920706226865774;0.026512951764118362;0.004840580582418005;43.0;41.0;46.0;39;51;0;0;True;Stepwise, inner-CV stopping
MSD;GainBoost;30;0.1924105011747493;0.02602369797432959;0.004751255470080605;32.0;28.0;36.75;23;46;0;0;False;Ablation variants
MSD;GainBoost-noRW;30;0.12787017017676153;0.02239459293690444;0.004088674572562809;20.0;18.25;22.0;15;28;0;0;False;Ablation variants
MSD;Lasso;30;0.22386562285569175;0.02542568601750784;0.004642073923944245;76.0;74.25;78.0;71;82;0;0;True;Penalized (lasso / elastic net / Cox)
MSD;P-value;30;0.19115955519787958;0.02554663707309556;0.004664156464444064;65.0;64.0;65.75;46;68;0;0;False;Rankers, size by inner CV
MSD;RReliefF;30;0.22216356220772615;0.02550226178571498;0.004656054682479358;61.0;53.5;74.0;51;90;0;0;True;Rankers, size by inner CV
MSD;SHAPBoost (GBR);30;0.16622188591018247;0.023803851832927235;0.00434596886813498;12.5;11.0;13.75;8;17;0;0;True;SHAPBoost (proposed)
MSD;SHAPBoost (LR);30;0.21836223437569907;0.02534058256007835;0.004626536229492308;31.0;27.0;34.0;23;43;0;0;True;SHAPBoost (proposed)
MSD;SHAPBoost-C;30;0.21622487483777017;0.025699578250765864;0.004692079575437874;30.5;28.0;32.75;23;40;0;0;True;SHAPBoost (proposed)
MSD;SHAPBoost-noRW;30;0.21572810640028547;0.0231598819542682;0.0042283965918365075;27.0;25.0;28.75;20;35;0;0;True;SHAPBoost (proposed)
MSD;XGBoost;30;0.22353687102235784;0.025597809086665597;0.004673499153159154;90.0;90.0;90.0;90;90;0;0;False;Rankers, size by inner CV
MSD;mRMR;30;0.2233372442122067;0.025719669011286916;0.004695747629682812;90.0;90.0;90.0;74;90;0;0;False;Rankers, size by inner CV
Parkinson's;Backward (CV);30;0.15922603102070507;0.029166664827004984;0.005325080084314381;13.0;12.0;14.0;10;15;0;0;False;Stepwise, inner-CV stopping
Parkinson's;Boruta;30;0.1631134806271137;0.028182659168700833;0.005145426052392413;11.0;10.0;14.0;9;16;0;0;False;Rankers, size by inner CV
Parkinson's;Elastic net;30;0.1667831848591755;0.029576636589195727;0.005399930345011719;17.5;17.0;19.0;16;19;0;0;False;Penalized (lasso / elastic net / Cox)
Parkinson's;Forward (CV);30;0.15284233568147132;0.02526700631888316;0.004613103107159293;9.0;8.0;11.0;6;16;0;0;False;Stepwise, inner-CV stopping
Parkinson's;GainBoost;30;0.15261825540458204;0.024961422532455167;0.004557311396147808;9.0;8.0;11.0;6;15;0;0;False;Ablation variants
Parkinson's;GainBoost-noRW;30;0.15261755066303745;0.024960768768709042;0.004557192035764131;9.0;8.0;11.0;6;15;0;0;False;Ablation variants
Parkinson's;Lasso;30;0.1669710594716482;0.029346595925834298;0.005357930858189549;16.0;16.0;17.75;15;19;0;0;True;Penalized (lasso / elastic net / Cox)
Parkinson's;P-value;30;0.15508123152801415;0.030371975745250884;0.00554513874389123;8.0;8.0;8.75;8;19;0;0;True;Rankers, size by inner CV
Parkinson's;RReliefF;30;0.1676448164135393;0.029836977037057323;0.005447461790319983;19.0;19.0;19.0;19;19;0;0;True;Rankers, size by inner CV
Parkinson's;SHAPBoost (GBR);30;0.13706390670881463;0.03246335426177488;0.005926970473818524;7.0;6.0;8.0;4;11;0;0;False;SHAPBoost (proposed)
Parkinson's;SHAPBoost (LR);30;0.1526179035085266;0.02496147266025054;0.004557320548189236;9.0;8.0;11.0;6;15;0;0;False;SHAPBoost (proposed)
Parkinson's;SHAPBoost-C;30;0.13881777550789934;0.028909627363850537;0.00527815167874985;6.0;6.0;6.0;6;7;0;0;True;SHAPBoost (proposed)
Parkinson's;SHAPBoost-noRW;30;0.15261752909947165;0.024961577692461514;0.0045573397243596405;9.0;8.0;11.0;6;15;0;0;False;SHAPBoost (proposed)
Parkinson's;XGBoost;30;0.1632034863678575;0.028344143013654365;0.005174908833910318;11.0;10.0;15.5;10;19;0;0;True;Rankers, size by inner CV
Parkinson's;mRMR;30;0.16602137186751117;0.03029111912157535;0.005530376411654297;19.0;16.0;19.0;10;19;0;0;False;Rankers, size by inner CV
Diabetes;Backward (CV);30;0.47649259849187825;0.11356998536529982;0.02073494761336877;6.0;6.0;7.0;5;8;0;0;False;Stepwise, inner-CV stopping
Diabetes;Boruta;30;0.38953527726791976;0.1171965308622551;0.021397061204869165;2.0;2.0;2.0;1;2;0;0;True;Rankers, size by inner CV
Diabetes;Elastic net;30;0.47882732528266037;0.11029499121295219;0.020137018222389332;10.0;10.0;10.0;9;10;0;0;False;Penalized (lasso / elastic net / Cox)
Diabetes;Forward (CV);30;0.4763463360456038;0.11267900021182953;0.020572276724382808;6.0;6.0;7.0;5;9;0;0;False;Stepwise, inner-CV stopping
Diabetes;GainBoost;30;0.4802916050010629;0.10702409667447751;0.01953983731507499;6.0;6.0;6.0;5;7;0;0;False;Ablation variants
Diabetes;GainBoost-noRW;30;0.4765380999336866;0.1073935359860095;0.019607287396593405;6.0;6.0;6.0;5;7;0;0;False;Ablation variants
Diabetes;Lasso;30;0.47525831980670147;0.11244097935866079;0.02052882026090376;8.0;7.0;10.0;7;10;0;0;False;Penalized (lasso / elastic net / Cox)
Diabetes;P-value;30;0.46215720432819246;0.10409633826004189;0.01900530420623767;5.0;5.0;6.75;5;9;0;0;True;Rankers, size by inner CV
Diabetes;RReliefF;30;0.4788259933363524;0.11029464454637355;0.020136954930020982;10.0;10.0;10.0;10;10;0;0;False;Rankers, size by inner CV
Diabetes;SHAPBoost (GBR);30;0.45719165754513996;0.1124137925310524;0.02052385664798772;4.5;3.25;5.75;2;7;0;0;True;SHAPBoost (proposed)
Diabetes;SHAPBoost (LR);30;0.4815886351696085;0.10738772658133565;0.01960622674926489;6.0;6.0;6.0;5;7;0;0;True;SHAPBoost (proposed)
Diabetes;SHAPBoost-C;30;0.47820713844338963;0.11156312226560433;0.02036854621685945;6.0;6.0;6.0;5;7;0;0;False;SHAPBoost (proposed)
Diabetes;SHAPBoost-noRW;30;0.4813814868747086;0.10734418688173775;0.0195982775240593;6.0;6.0;6.0;5;7;0;0;False;SHAPBoost (proposed)
Diabetes;XGBoost;30;0.48103611874933266;0.10724582461887008;0.019580319113999343;9.0;8.0;9.0;7;10;0;0;False;Rankers, size by inner CV
Diabetes;mRMR;30;0.47882599333635245;0.11029464454637355;0.020136954930020982;10.0;10.0;10.0;10;10;0;0;False;Rankers, size by inner CV
California Housing;Backward (CV);30;0.6021275478099396;0.020156257411942272;0.0036800122864671606;7.0;7.0;7.75;7;8;0;0;False;Stepwise, inner-CV stopping
California Housing;Boruta;30;0.6022324218184133;0.02014604261891703;0.003678147328947104;8.0;8.0;8.0;8;8;0;0;True;Rankers, size by inner CV
California Housing;Elastic net;30;0.6019330012875145;0.020186335546302066;0.0036855037773593376;8.0;7.25;8.0;6;8;0;0;False;Penalized (lasso / elastic net / Cox)
California Housing;Forward (CV);30;0.6021275478099396;0.020156257411942186;0.003680012286467145;7.0;7.0;7.75;7;8;0;0;False;Stepwise, inner-CV stopping
California Housing;GainBoost;30;0.593337501308546;0.016031705539193874;0.0029269755863656688;6.0;6.0;6.0;4;7;0;0;False;Ablation variants
California Housing;GainBoost-noRW;30;0.593337501308546;0.01603170553919387;0.0029269755863656683;6.0;6.0;6.0;4;7;0;0;False;Ablation variants
California Housing;Lasso;30;0.6019417091606378;0.020204970576533438;0.003688906052831842;7.0;7.0;8.0;6;8;0;0;False;Penalized (lasso / elastic net / Cox)
California Housing;P-value;30;0.602127539736303;0.02015003734712256;0.00367887666319686;8.0;7.0;8.0;6;8;0;0;False;Rankers, size by inner CV
California Housing;RReliefF;30;0.6021504809836902;0.020145201113893674;0.0036779936918525883;8.0;8.0;8.0;7;8;0;0;False;Rankers, size by inner CV
California Housing;SHAPBoost (GBR);30;0.5950821108038756;0.018585023299975367;0.0033931454977185367;6.0;6.0;7.0;6;8;0;0;True;SHAPBoost (proposed)
California Housing;SHAPBoost (LR);30;0.6021617069922275;0.02017583177764723;0.0036835860603489806;7.0;7.0;7.0;6;7;0;0;False;SHAPBoost (proposed)
California Housing;SHAPBoost-C;30;0.5173480050057516;0.019890081185640524;0.0036314153786614714;6.0;6.0;6.0;5;6;0;0;False;SHAPBoost (proposed)
California Housing;SHAPBoost-noRW;30;0.6017005605569573;0.02011716792679944;0.0036728755555424965;7.0;7.0;7.0;6;7;0;0;False;SHAPBoost (proposed)
California Housing;XGBoost;30;0.6022324218184133;0.020146042618917035;0.003678147328947104;8.0;8.0;8.0;8;8;0;0;True;Rankers, size by inner CV
California Housing;mRMR;30;0.6022079265418926;0.020156983590777878;0.003680144867976842;7.0;7.0;8.0;7;8;0;0;True;Rankers, size by inner CV
