dataset;baseline;n_splits;shapboost_score;baseline_score;d_score;d_score_lo;d_score_hi;p_score;shapboost_k;baseline_k;d_k;d_k_lo;d_k_hi;p_k;p_score_holm;p_k_holm
METABRIC;Boruta;30;0.3258929383917804;0.21995099435334645;-0.10594194403843389;-0.1447236909187329;-0.06716019715813487;4.971592200220495e-06;17.5;2.0;-15.1;-20.312743438478893;-9.887256561521106;1.9596853240690097e-06;3.977273760176396e-05;7.838741296276039e-06
METABRIC;XGBoost;30;0.3258929383917804;0.32058638968499636;-0.00530654870678397;-0.025856683446279224;0.015243586032711285;0.6014285639607237;17.5;23.5;6.5;-5.182901843407386;18.182901843407386;0.26447566612158485;1.0;0.26447566612158485
METABRIC;RReliefF;30;0.3258929383917804;0.3425547675915375;0.0166618291997571;-0.006383457595030107;0.03970711599454431;0.14999895852744263;17.5;38.0;17.8;4.593436956473049;31.006563043526953;0.009995063832148895;0.4499968755823279;0.01999012766429779
METABRIC;MRMR;30;0.3258929383917804;0.32572102297183375;-0.00017191541994659627;-0.020499149599267175;0.020155318759373982;0.9863178892331658;17.5;82.0;58.1;41.19064063004963;75.00935936995037;9.952638819360351e-08;1.0;4.976319409680176e-07
METABRIC;P-value;30;0.3258929383917804;0.293002470246025;-0.032890468145755365;-0.055905313035971294;-0.00987562325553944;0.00666048740864772;17.5;46.0;36.8;18.005352975562285;55.594647024437705;0.0003951309962446525;0.04662341186053404;0.0011853929887339575
METABRIC;Lasso;30;0.3258929383917804;0.30305255957818156;-0.022840378813598815;-0.049537822884020366;0.0038570652568227365;0.09073811733975265;17.5;64.5;50.0;38.74654843206114;61.25345156793886;5.527984977364119e-10;0.3629524693590106;3.3167909864184715e-09
METABRIC;ElasticNet;30;0.32589293839178046;0.2997681302111879;-0.026124808180592447;-0.05294781746313612;0.0006982011019512277;0.055862222085722384;17.5;73.5;57.233333333333334;46.0605838725187;68.40608279414798;2.269903564644066e-11;0.2793111104286119;1.588932495250846e-10
METABRIC;Forward-CV;30;0.3258929383917804;0.2816318921413278;-0.044261046250452594;-0.07863232708119061;-0.00988976541971457;0.013405136774190156;17.5;100.0;81.86666666666666;76.19194129015891;87.54139204317441;3.5062435482669415e-23;0.08043082064514094;2.804994838613553e-22
Eye Data;Boruta;30;0.2037875484400743;0.21080793480885976;0.007020386368785497;-0.28273378001780436;0.29677455275537534;0.9608180129393167;13.5;5.0;-8.066666666666666;-11.506335959275761;-4.626997374057572;4.465622908271216e-05;1.0;0.0003125936035789851
Eye Data;P-value;30;0.20378754844007424;0.22383137056939206;0.02004382212931782;-0.19808655896215338;0.23817420322078903;0.8522368699805263;13.5;6.0;-7.366666666666666;-10.404605492185857;-4.328727841147476;2.8392273670701107e-05;1.0;0.00022713818936560885
Eye Data;MRMR;30;0.20378754844007427;0.27729021652114777;0.07350266808107353;-0.0916819047641717;0.23868724092631877;0.3702870370421776;13.5;5.0;-7.633333333333334;-11.002934272114619;-4.26373239455205;7.023881713380387e-05;1.0;0.00042143290280282324
Eye Data;XGBoost;30;0.2037875484400743;0.21000341807374762;0.0062158696336733505;-0.2002607335658997;0.2126924728332464;0.951327210183537;13.5;12.0;-1.9666666666666666;-8.289725407463726;4.356392074130392;0.5296809254414654;1.0;0.7728871780373345
Eye Data;RReliefF;30;0.20378754844007427;0.18314323394605783;-0.02064431449401645;-0.28190486932203795;0.24061624033400508;0.8727335388740973;13.5;9.0;-2.6;-8.647234444759945;3.4472344447599457;0.38644358901866727;1.0;0.7728871780373345
Eye Data;Forward-CV;30;0.20378754844007427;0.11898637302784577;-0.0848011754122285;-0.35964332069440047;0.1900409698699435;0.5329532896062747;13.5;20.0;7.1;2.3155385111454176;11.884461488854582;0.0050375672264667826;1.0;0.015112701679400348
Eye Data;Lasso;30;0.20378754844007427;0.2735702855566318;0.06978273711655755;-0.15046908017073313;0.29003455440384823;0.5220870052025818;13.5;24.5;12.633333333333333;6.176591410504681;19.090075256161985;0.0003982005791754513;1.0;0.0015928023167018051
Eye Data;ElasticNet;30;0.2037875484400743;0.2761738584645344;0.07238631002446012;-0.1471252335403775;0.2918978535892977;0.5053750930627707;13.5;24.5;13.0;6.5480462894155345;19.451953710584466;0.0002878219874064106;1.0;0.0014391099370320531
Eye Data;Backward-CV;30;0.20378754844007427;-1.694584742018297;-1.8983722904583715;-3.4686030501137273;-0.32814153080301556;0.019518376668789472;13.5;100.0;85.63333333333334;82.35143765830016;88.91522900836652;1.657603726555863e-30;0.17566539001910525;1.4918433539002768e-29
Crime;Boruta;30;0.6011078133428815;0.5763503181241582;-0.024757495218723318;-0.08274816644865733;0.03323317601121069;0.3897522780932545;18.0;6.0;-11.9;-15.260699012059153;-8.539300987940848;5.652310292358495e-08;1.0;2.8261551461792473e-07
Crime;XGBoost;30;0.6011078133428815;0.6251892702151609;0.02408145687227916;-0.034042771007255716;0.08220568475181403;0.4037340846742111;18.0;38.0;24.1;10.335138837598995;37.864861162401006;0.0012317074689223368;1.0;0.0012317074689223368
Crime;MRMR;30;0.6011078133428815;0.620498943378845;0.019391130035963534;-0.03994390433833811;0.07872616441026518;0.5091662814518165;18.0;46.0;26.3;17.15206295785711;35.44793704214289;2.2151072600860787e-06;1.0;6.157481018874014e-06
Crime;Forward-CV;30;0.6011078133428815;0.6470533784307307;0.04594556508784911;-0.02133273164206062;0.11322386181775884;0.17309486683186825;18.0;44.5;26.533333333333335;20.585760626287446;32.480906040379224;5.060172013858603e-10;1.0;3.542120409701022e-09
Crime;P-value;30;0.6011078133428815;0.6133689267256152;0.012261113382733602;-0.05168230771342949;0.07620453447889669;0.6977988743848738;18.0;68.0;44.2;31.507199079051507;56.8928009209485;7.74855640058202e-08;1.0;3.099422560232808e-07
Crime;Lasso;30;0.6011078133428815;0.6539944023555723;0.05288658901269077;-0.010415733070839171;0.1161889110962207;0.09818839562959067;18.0;54.0;41.03333333333333;26.827663214441657;55.239003452225006;2.0524936729580046e-06;0.883695560666316;6.157481018874014e-06
Crime;RReliefF;30;0.6011078133428817;0.6246384417418326;0.023530628398951026;-0.036988261426732186;0.08404951822463423;0.43294905596170563;18.0;75.0;57.4;42.95357923833211;71.84642076166789;5.82659240736652e-09;1.0;3.4959554444199126e-08
Crime;Backward-CV;30;0.6011078133428815;0.6217138045070787;0.02060599116419708;-0.014967308902472633;0.05617929123086679;0.24575138016948117;18.0;81.0;64.93333333333334;53.71415135478066;76.152515311886;1.2617379558799735e-12;1.0;1.0093903647039788e-11
Crime;ElasticNet;30;0.6011078133428815;0.5943396767825483;-0.006768136560333275;-0.1595233238661867;0.14598705074552012;0.9284190209682073;18.0;100.0;81.6;78.79303320255138;84.4069667974486;7.418639788220544e-32;1.0;6.676775809398489e-31
MSD;Boruta;30;0.21836223437569907;0.05017043237185084;-0.16819180200384817;-0.22527954521878993;-0.11110405878890642;1.4845847430816163e-06;31.0;2.5;-17.833333333333332;-40.303564799920125;4.636898133253457;0.11537283083365003;1.3361262687734547e-05;0.11537283083365003
MSD;Forward-CV;30;0.2183622343756991;0.21920706226865774;0.0008448278929586809;-0.0032546878343741726;0.004944343620291535;0.6765118720146055;31.0;43.0;12.533333333333333;7.559351272069224;17.50731539459744;1.6554468834293126e-05;0.8763975104395729;3.310893766858625e-05
MSD;Backward-CV;30;0.2183622343756991;0.2206232917442269;0.0022610573685278735;-0.002667056558418473;0.00718917129547422;0.35580579178630145;31.0;50.0;18.733333333333334;14.083212021311438;23.38345464535523;4.388982132587796e-09;0.8763975104395729;1.7555928530351183e-08
MSD;P-value;30;0.21836223437569907;0.19115955519787955;-0.027202679177819485;-0.038806232108153586;-0.015599126247485384;4.487132314151774e-05;31.0;65.0;32.833333333333336;26.767236440881167;38.8994302257855;6.262994680739796e-12;0.0003589705851321419;3.131497340369898e-11
MSD;RReliefF;30;0.21836223437569907;0.2221635622077262;0.003801327832027073;-0.0034445330221794953;0.01104718868623364;0.29213250347985764;31.0;61.0;32.7;22.560739615464882;42.83926038453512;3.149113372835698e-07;0.8763975104395729;9.447340118507093e-07
MSD;Lasso;30;0.2183622343756991;0.22386562285569175;0.005503388479992678;-0.000728535059201809;0.011735312019187165;0.08128676603438607;31.0;76.0;45.13333333333333;40.89186441040999;49.37480225625668;1.6429304266400578e-19;0.5690073622407025;9.857582559840347e-19
MSD;MRMR;30;0.21836223437569904;0.2233372442122067;0.004975009836507628;-0.0016301961029287276;0.011580215775943984;0.13429092251787064;31.0;90.0;57.8;53.550352063497044;62.04964793650295;1.8295951724161887e-22;0.5690073622407025;1.463676137932951e-21
MSD;ElasticNet;30;0.21836223437569907;0.22384491272962725;0.005482678353928252;-0.0008144642776926718;0.011779820985549175;0.08544044631363422;31.0;82.0;51.2;47.27665098208044;55.123349017919566;5.811571799837451e-22;0.5690073622407025;4.068100259886216e-21
MSD;XGBoost;30;0.2183622343756991;0.22353687102235784;0.005174636646658757;-0.0012465978496533263;0.01159587114297084;0.11011049201592589;31.0;90.0;58.86666666666667;55.08758157172351;62.64575176160982;4.041661844350943e-24;0.5690073622407025;3.6374956599158486e-23
Parkinson's;Forward-CV;30;0.1526179035085266;0.15284233568147132;0.00022443217294470657;-0.0007505555951090319;0.001199419940998445;0.6413121398663343;9.0;9.0;0.23333333333333334;-0.15857718718908842;0.6252438538557551;0.23316240857149262;1.0;0.46632481714298524
Parkinson's;P-value;30;0.15261790350852658;0.15508123152801417;0.0024633280194875425;-0.004969770871128357;0.009896426910103442;0.503277886265145;9.0;8.0;0.13333333333333333;-2.6942487529884174;2.960915419655084;0.923833053493837;1.0;0.923833053493837
Parkinson's;Boruta;30;0.1526179035085266;0.1631134806271137;0.010495577118587073;0.0012469288931750682;0.019744225343999076;0.027521493121740306;9.0;11.0;2.433333333333333;-0.09817753406911622;4.964844200735783;0.058948053321266417;0.11008597248696123;0.17684415996379926
Parkinson's;XGBoost;30;0.1526179035085266;0.16320348636785745;0.010585582859330898;0.0018950196026074981;0.0192761461160543;0.0187013861996879;9.0;11.0;3.1;0.6380800460221194;5.561919953977881;0.015380253050229113;0.09350693099843949;0.06152101220091645
Parkinson's;Backward-CV;30;0.1526179035085266;0.1592260310207051;0.006608127512178439;-0.00015706378433768924;0.013373318808694567;0.055200780715733144;9.0;13.0;3.5;1.831631254794719;5.168368745205281;0.00018082356873539001;0.16560234214719943;0.0009041178436769501
Parkinson's;MRMR;30;0.15261790350852658;0.16602137186751117;0.013403468358984542;0.004113908725091266;0.02269302799287782;0.00621253963300963;9.0;19.0;8.166666666666666;5.591064679802003;10.74226865353133;4.2495395589092345e-07;0.03727523779805778;2.549723735345541e-06
Parkinson's;Lasso;30;0.1526179035085266;0.16697105947164823;0.014353155963121582;0.00538148143911352;0.023324830487129643;0.0027588684764923385;9.0;16.0;7.2;5.0063400078566795;9.39365999214332;2.300966559003819e-07;0.022070947811938708;1.6106765913026732e-06
Parkinson's;ElasticNet;30;0.15261790350852664;0.16678318485917548;0.014165281350648882;0.005150360226589056;0.023180202474708707;0.0032042350662652807;9.0;17.5;8.333333333333334;6.3924902315119585;10.27417643515471;1.1539215136758769e-09;0.022429645463856965;9.231372109407015e-09
Parkinson's;RReliefF;30;0.1526179035085266;0.1676448164135393;0.015026912905012686;0.006007257145900512;0.02404656866412486;0.0019427198218811936;9.0;19.0;9.6;7.836254884609138;11.363745115390861;5.4867417192459765e-12;0.017484478396930743;4.9380675473213786e-11
Diabetes;Boruta;30;0.4815886351696084;0.38953527726791964;-0.09205335790168868;-0.16522933358592318;-0.018877382217454206;0.015469438755250534;6.0;2.0;-4.266666666666667;-4.674637415253808;-3.8586959180795253;2.638515681546897e-19;0.1392249487972548;2.3746641133922074e-18
Diabetes;Forward-CV;30;0.4815886351696085;0.4763463360456038;-0.005242299124004709;-0.016795520738269454;0.006310922490260037;0.3610535664376584;6.0;6.0;0.26666666666666666;-0.2344028965127684;0.7677362298461017;0.28535504537730894;1.0;0.5707100907546179
Diabetes;Backward-CV;30;0.4815886351696083;0.4764925984918783;-0.0050960366777302035;-0.017108075786438526;0.0069160024309781205;0.3926949075250239;6.0;6.0;0.4;-0.16709451300457367;0.9670945130045737;0.1598471437219862;1.0;0.4795414311659586
Diabetes;P-value;30;0.4815886351696084;0.4621572043281924;-0.019431430841415957;-0.039837467904519835;0.0009746062216879174;0.061209072436437834;6.0;5.0;-0.23333333333333334;-1.145970124893433;0.6793034582267663;0.6050144866150129;0.48967257949150267;0.6050144866150129
Diabetes;XGBoost;30;0.4815886351696084;0.48103611874933266;-0.000552516420275793;-0.010206244193549886;0.0091012113529983;0.9076229191972285;6.0;9.0;2.6666666666666665;2.072842283809813;3.26049104952352;4.38433046370048e-10;1.0;2.19216523185024e-09
Diabetes;Lasso;30;0.4815886351696083;0.47525831980670147;-0.006330315362906961;-0.02071906481971738;0.008058434093903458;0.37563985634313457;6.0;8.0;2.3666666666666667;1.2497084163388879;3.4836249169944455;0.0001606893548857206;1.0;0.0006427574195428824
Diabetes;ElasticNet;30;0.4815886351696084;0.47882732528266037;-0.0027613098869480918;-0.015101200025219785;0.009578580251323602;0.6506050676619966;6.0;10.0;3.933333333333333;3.525362584746192;4.341304081920474;2.4100142098967447e-18;1.0;1.446008525938047e-17
Diabetes;MRMR;30;0.4815886351696084;0.4788259933363523;-0.0027626418332560134;-0.01510318599397608;0.009577902327464052;0.6504655468471491;6.0;10.0;3.966666666666667;3.5827418664410433;4.350591466892291;3.677462214851084e-19;1.0;2.941969771880867e-18
Diabetes;RReliefF;30;0.4815886351696084;0.47882599333635234;-0.0027626418332560632;-0.015103185993976148;0.009577902327464022;0.6504655468471437;6.0;10.0;3.966666666666667;3.5827418664410433;4.350591466892291;3.677462214851084e-19;1.0;2.941969771880867e-18
California Housing;ElasticNet;30;0.6021617069922275;0.6019330012875145;-0.0002287057047130725;-0.0010729163401797135;0.0006155049307535684;0.5837754863896907;7.0;8.0;0.7333333333333333;0.3837190175869947;1.082947649079672;0.00018113688376113693;1.0;0.0010868213025668216
California Housing;Lasso;30;0.6021617069922275;0.6019417091606377;-0.0002199978315897207;-0.0010649456679254431;0.0006249500047460018;0.5984273669302587;7.0;7.0;0.4;0.012689073463575895;0.7873109265364242;0.043397417810775565;1.0;0.17358967124310226
California Housing;P-value;30;0.6021617069922275;0.602127539736303;-3.416725592465901e-05;-0.00010866943967516746;4.033492782584944e-05;0.35601284791496834;7.0;8.0;0.6;0.21268907346357596;0.9873109265364239;0.0035973474609816503;1.0;0.01798673730490825
California Housing;Backward-CV;30;0.6021617069922275;0.6021275478099397;-3.415918228793317e-05;-0.00010465358956832796;3.6335224992461616e-05;0.32985945557427543;7.0;7.0;0.3;-0.06229619731331759;0.6622961973133176;0.10106616727684614;1.0;0.23298718046931916
California Housing;MRMR;30;0.6021617069922276;0.6022079265418925;4.6219549665123726e-05;-0.00031554332824926604;0.00040798242757951345;0.7957059925135793;7.0;7.0;0.3333333333333333;-0.039356779493146365;0.7060234461598129;0.07766239348977305;1.0;0.23298718046931916
California Housing;Forward-CV;30;0.6021617069922275;0.6021275478099397;-3.415918228788136e-05;-0.00010465358956828077;3.633522499251805e-05;0.3298594555750284;7.0;7.0;0.3;-0.06229619731331759;0.6622961973133176;0.10106616727684614;1.0;0.23298718046931916
California Housing;RReliefF;30;0.6021617069922276;0.6021504809836903;-1.1226008537360925e-05;-0.00010552317235323421;8.307115527851236e-05;0.8093453453542253;7.0;8.0;1.0;1.0;1.0;0.0;1.0;0.0
California Housing;XGBoost;30;0.6021617069922276;0.6022324218184133;7.071482618566937e-05;-0.00029145542098676523;0.00043288507335810403;0.6925705463344092;7.0;8.0;1.0333333333333334;0.891417166429069;1.175249500237598;4.0472903704047806e-15;1.0;3.2378322963238245e-14
California Housing;Boruta;30;0.6021617069922275;0.6022324218184132;7.071482618566197e-05;-0.0002914554209867736;0.0004328850733580975;0.6925705463344404;7.0;8.0;1.0333333333333334;0.891417166429069;1.175249500237598;4.0472903704047806e-15;1.0;3.2378322963238245e-14
