task;dataset;method;cpu_s_median;cpu_s_q25;cpu_s_q75;wall_s_median;n_runs;ci_high (outer folds);ci_low (outer folds);jaccard (outer folds);nogueira (outer folds);ci_high (20 half-samples);ci_low (20 half-samples);jaccard (20 half-samples);nogueira (20 half-samples);ci_high (10 half-samples);ci_low (10 half-samples);jaccard (10 half-samples);nogueira (10 half-samples)
reg;METABRIC;Boruta;585.862174181;559.8707667265;628.09336921225;591.4050484060208;30;0.8299627914625121;0.7191989795648557;0.6467432950191571;0.7745808855136839;;;;;;;;
reg;METABRIC;ElasticNet;13.747767554500001;12.1136033475;15.67088280725;13.842860616641701;30;0.6888268724174007;0.6584910389902685;0.5516612308996873;0.6736589557038346;;;;;;;;
reg;METABRIC;Forward-CV;1300.393829979;1183.4845634234998;1478.97662996775;1311.6051458755028;30;0.2777753543946309;0.2491558390815386;0.2300665042957452;0.2634655967380848;;;;;;;;
reg;METABRIC;GainBoost;575.5938827335;499.73501564875;728.8531830855;580.4435051130713;30;0.4297641477989896;0.3600345822458921;0.2802992777495753;0.3948993650224408;;;;;;;;
reg;METABRIC;GainBoost-noRW;514.6432992084999;411.84533148574997;660.3482712445;518.6937188979718;30;0.4727610876876674;0.4038892188420837;0.309791189008502;0.4383251532648755;;;;;;;;
reg;METABRIC;Lasso;14.761785216;12.788651718;16.0032174035;14.861769198498223;30;0.6955488780295649;0.6613585561609052;0.5542203478777241;0.678453717095235;;;;;;;;
reg;METABRIC;MRMR;48.978662005;48.48012056175;50.479052967;50.75777141842991;30;0.8227560240306501;0.7478119916510427;0.682340349969768;0.7852840078408464;;;;;;;;
reg;METABRIC;P-value;1.0160565154999994;0.9282957284999999;1.1008664167500006;1.361910623476433;30;0.7769347320748512;0.6849374761574079;0.6491492859623648;0.7309361041161295;;;;;;;;
reg;METABRIC;RReliefF;38.9707150615;38.58560826025;40.368011343000006;40.49788583308691;30;0.7164527894341196;0.6336150300751867;0.5337088967876975;0.6750339097546532;;;;;;;;
reg;METABRIC;SHAPBoost (LR);1272.736574915;932.55061127075;1431.93468436875;1281.5501583024743;30;0.500404796330671;0.4238081490844267;0.3296781350356886;0.4621064727075489;;;;;;;;
reg;METABRIC;SHAPBoost-C;1134.013721883;873.9115950502501;1555.9904505715;1144.6411559799453;30;0.4957332922086323;0.437287948103301;0.3294213811156581;0.4665106201559666;;;;;;;;
reg;METABRIC;SHAPBoost-noRW;993.741285393;918.88744582175;1239.668234662;1002.2066109441221;30;0.5311761896227911;0.4689522815389826;0.3549830639692855;0.5000642355808869;;;;;;;;
reg;METABRIC;SHAPBoost (GBR);2581.887085554;2111.6446919175;2996.91480998025;2601.981046617031;30;0.4573350999053583;0.391238476052122;0.2855500687093904;0.4242867879787402;;;;;;;;
reg;METABRIC;XGBoost;37.527912171500006;36.199982028;39.9676376245;39.40222945198184;30;0.269455226377041;0.2180064893918168;0.1806200946426971;0.2437308578844289;;;;;;;;
reg;Eye Data;Backward-CV;165.299722617;159.9984222535;209.98681460775;166.92417896603;30;0.092028695086455;0.062327575392781;0.3649758503037565;0.077178135239618;;;;;;;;
reg;Eye Data;Boruta;10.125274952;9.49872210225;10.94204186275;10.548099530977197;30;0.3451486330794794;0.2244663881770153;0.1853965829827899;0.2848075106282474;;;;;;;;
reg;Eye Data;ElasticNet;1.6534287674999997;1.5926818619999998;1.8920535145000004;1.6672546048648655;30;0.60895405161599;0.5317056841494189;0.4678657218542253;0.5703298678827045;;;;;;;;
reg;Eye Data;Forward-CV;15.901479880500002;13.979791661;18.083764357;16.032442799943965;30;0.1606314724991579;0.1074917523888392;0.1284142081047431;0.1340616124439986;0.0462060832698578;-0.0038198943636249;0.0489773108506261;0.0211930944531164;;;;
reg;Eye Data;GainBoost;11.08262764;8.94474295125;14.621552681499999;11.192426544555929;30;0.1423008608995258;0.0905655049071433;0.0996137804923964;0.1164331829033346;0.0613853463924889;0.0046669165581724;0.0507479049857163;0.0330261314753307;;;;
reg;Eye Data;GainBoost-noRW;7.7414680755;7.32291689925;8.9540840335;7.811286372001632;30;0.1731292647316046;0.1104351118342602;0.1020878185052143;0.1417821882829324;;;;;;;;
reg;Eye Data;Lasso;1.7244063815;1.581252836;2.17137213925;1.7360335549601587;30;0.6048394000274342;0.5315432668129756;0.4641908815738566;0.5681913334202049;0.2312540267421229;0.1383581461272539;0.1625071933908169;0.1848060864346884;;;;
reg;Eye Data;MRMR;5.028797013;4.905906327;5.264019636;5.319642097863834;30;0.5710716632786871;0.4376188507549611;0.3681465852155507;0.5043452570168241;;;;;;;;
reg;Eye Data;P-value;0.6985603455;0.6681714017499999;0.7345705097500002;0.8202007249929011;30;0.6446116438065874;0.482809119421302;0.4208866390915072;0.5637103816139447;;;;;;;;
reg;Eye Data;RReliefF;1.4402247830000001;1.3901908144999997;1.487610315;1.5965518074808642;30;0.5123347284173069;0.3702809678845698;0.3211820485119737;0.4413078481509384;;;;;;;;
reg;Eye Data;SHAPBoost (LR);11.2848367315;9.142027222750002;13.922695846249999;11.368550880579278;30;0.1594751312591171;0.1058416672372209;0.1069280325870558;0.132658399248169;0.0708709654908503;0.0102693853863424;0.0537088465872761;0.0405701754385964;;;;
reg;Eye Data;SHAPBoost-C;8.363808186;7.168349952000002;10.0956807205;8.483203947565926;30;0.2355020296756232;0.134576018236753;0.1353643057286537;0.1850390239561881;;;;;;;;
reg;Eye Data;SHAPBoost-noRW;9.922111377;8.02782840225;12.501364902249998;10.099501697521191;30;0.1715247093533565;0.1154501293456202;0.1078460566919542;0.1434874193494884;0.0587337532181041;-7.991445250959961e-06;0.0417940431088301;0.0293628808864265;;;;
reg;Eye Data;SHAPBoost (GBR);81.68261606850001;63.830441445750004;112.26522840700001;82.47609257750446;30;0.1649079603051804;0.0853350481434198;0.0901125988309718;0.1251215042243001;;;;;;;;
reg;Eye Data;XGBoost;1.0663326405000002;1.01195808275;1.1256580269999998;1.2234475770383142;30;0.2711439360774981;0.1961792263386014;0.1657443767102178;0.2336615812080498;0.0695037023585477;-0.035241254769205;0.0347912785781268;0.0171312237946713;;;;
reg;Crime;Backward-CV;572.9238877475;554.1346374265;615.18988451675;578.126229907095;30;0.2430976271393665;0.1793363889353032;0.4214452815042894;0.2112170080373349;;;;;;;;
reg;Crime;Boruta;301.3333971945;282.98597754075;349.754115048;303.49500089371577;30;0.5374016250439744;0.4617334344307035;0.3628711039917937;0.499567529737339;;;;;;;;
reg;Crime;ElasticNet;0.20005906849999988;0.19335946275000016;0.24239733775000016;0.20162178296595812;30;0.7797913717576616;0.749020888778737;0.8210407721927987;0.7644061302681993;;;;;;;;
reg;Crime;Forward-CV;56.24297930499999;49.9498459675;68.547256884;56.75879952032119;30;0.4589303474484767;0.4090592708211873;0.4122221461671692;0.433994809134832;0.3526943376508747;0.2872398042732785;0.3000796080819033;0.3199670709620766;;;;
reg;Crime;GainBoost;386.77507739400005;344.97038995975004;468.2133133355;389.4689396445174;30;0.4803787618665436;0.4110127179400011;0.3651255891399669;0.4456957399032724;0.4254628832038217;0.3572876206500838;0.2958151146349156;0.3913752519269527;;;;
reg;Crime;GainBoost-noRW;333.7033873475;280.77512612649997;375.7293492185;336.9044441675069;30;0.4420863926062282;0.3915464501110516;0.3187759178979303;0.4168164213586399;;;;;;;;
reg;Crime;Lasso;0.5730484340000004;0.5410505807499999;0.6056025820000002;0.5816890870919451;30;0.699117017977645;0.5562618253613968;0.6335555258162286;0.6276894216695209;0.5173833395070709;0.4264450850310955;0.4645201763897682;0.4719142122690832;;;;
reg;Crime;MRMR;4.531984981500001;4.4619693087500005;4.71303794925;4.7219294715323485;30;0.8417197760372137;0.7283644508346956;0.7321991406868191;0.7850421134359546;;;;;;;;
reg;Crime;P-value;0.8114957070000002;0.7894122507500002;0.9342504359999997;0.9225230549855041;30;0.8056678705459253;0.7063465108482232;0.7399269178115938;0.7560071906970742;;;;;;;;
reg;Crime;RReliefF;12.398015432500001;12.242976323;13.223496638;12.531996878562495;30;0.7805289302743883;0.7227753860587698;0.7687031891171108;0.751652158166579;;;;;;;;
reg;Crime;SHAPBoost (LR);1763.5800256495;1587.934236195;1961.021834436;1775.8281587804668;30;0.5507293039885657;0.4713416917635582;0.4035637236166641;0.511035497876062;0.413713247619664;0.3573174290371467;0.288466924400973;0.3855153383284053;;;;
reg;Crime;SHAPBoost-C;1705.1432785514999;1519.3338966645;2009.74823840425;1715.8054008534527;30;0.5711197100956159;0.524308825411966;0.4311575635573398;0.547714267753791;;;;;;;;
reg;Crime;SHAPBoost-noRW;1701.2543868850003;1513.0182485552498;1891.7130988495;1714.2708798165258;30;0.5507911566886737;0.4775858227956694;0.3992516065988376;0.5141884897421716;0.4010886558037959;0.3321120031434535;0.271701235323833;0.3666003294736247;;;;
reg;Crime;SHAPBoost (GBR);2713.689292291;2191.0522881530005;3021.2962917995;2733.251504414984;30;0.3391210540159385;0.280295488824291;0.225004502047432;0.3097082714201148;;;;;;;;
reg;Crime;XGBoost;15.181204803999998;14.572682921999998;15.983445056499999;15.408847105398308;30;0.3397294329353559;0.2745036004457504;0.3136611260967185;0.3071165166905532;0.201201770716294;0.1436610584478644;0.1933396000003278;0.1724314145820792;;;;
reg;MSD;Backward-CV;255.254717534;249.352856839;280.9066981915;257.10228300705785;30;0.522319523638996;0.4595915319547804;0.6324070178304606;0.4909555277968882;;;;;;;;
reg;MSD;Boruta;993.72585198;955.44693772125;1095.7834879637498;1001.1942633106955;30;0.0916954625223567;-0.014611821441054;0.3059286691410103;0.0385418205406513;;;;;;;;
reg;MSD;ElasticNet;0.21755432300000033;0.20243794649999947;0.2752462664999997;0.21974414051510394;30;0.4471327879870227;0.3440465211438351;0.9023006013840028;0.3955896545654289;;;;;;;;
reg;MSD;Forward-CV;76.10936917800001;68.06902628899999;84.07374240075;76.78355887299404;30;0.5702458195207913;0.4963165662641841;0.615316494051181;0.5332811928924878;;;;;;;;
reg;MSD;GainBoost;1898.8034274025;1619.0786495435;2062.4234624105;1913.3369937779498;30;0.5289707669840729;0.4503580301558185;0.5154346692848025;0.4896643985699457;;;;;0.3901224493705208;0.2637600369321431;0.3627473381937581;0.326941243151332
reg;MSD;GainBoost-noRW;1341.7211130565001;1186.8352192785;1522.180613887;1352.9212324654218;30;0.5574110384618047;0.4696908846116616;0.4626128817674668;0.5135509615367332;;;;;;;;
reg;MSD;Lasso;0.21371366800000002;0.19611734800000002;0.24326404525000012;0.21592409844743088;30;0.5842257821995797;0.4849925789504855;0.8678200329638875;0.5346091805750326;;;;;0.2996874338407136;0.1904176543414303;0.6643617263399959;0.245052544091072
reg;MSD;MRMR;3.0092279495000005;2.8839825410000004;3.31766131875;3.204211598051188;30;0.1263280607691343;-0.0936095062532999;0.9769345341759136;0.0163592772579171;;;;;;;;
reg;MSD;P-value;1.1626655755000004;1.05213785675;1.215199262;1.3281996606383473;30;0.9305075801580666;0.8059743372496962;0.9262561907953466;0.8682409587038814;;;;;;;;
reg;MSD;RReliefF;70.2414690665;68.968595384;72.44422301924999;70.82149749260861;30;0.6809983078113744;0.4597329347228854;0.7868223816418037;0.5703656212671299;;;;;;;;
reg;MSD;SHAPBoost (LR);41384.314877832;37423.738492734;45230.035767052505;41653.81617304502;30;0.6618794677292789;0.6022989149717172;0.6174128914613574;0.632089191350498;;;;;0.5260646702460945;0.4197813458143226;0.4580451207821374;0.4729230080302086
reg;MSD;SHAPBoost-C;41376.599543674994;37233.04473781425;44693.17480028625;41653.106624495005;30;0.6233986066099241;0.5597786698736401;0.5801132330733509;0.5915886382417821;;;;;;;;
reg;MSD;SHAPBoost-noRW;38281.18006042999;35144.592644668744;41410.95304774575;38494.442027238896;30;0.6709216823606934;0.621773547688045;0.6082903551952541;0.6463476150243692;;;;;0.5398538176030402;0.4534106108552403;0.4581469636488731;0.4966322142291403
reg;MSD;SHAPBoost (GBR);28052.875459441002;24896.47329782375;30942.820883042;28204.12969840574;30;0.5877954226982056;0.5192657563896699;0.4550360347409307;0.5535305895439377;;;;;;;;
reg;MSD;XGBoost;52.837760675;50.805722778749995;55.59600205225;54.296745990403;30;;;1.0;;;;;;;;;
reg;Parkinson's;Backward-CV;1.4384831155;1.3207828474999999;1.5264328069999997;1.4528010386275128;30;0.6425475495553533;0.5131967285152949;0.7661112535199757;0.5778721390353241;;;;;;;;
reg;Parkinson's;Boruta;402.3202820475;173.10163214300002;470.876406319;405.41337312420364;30;0.7254386497778998;0.5838941715284466;0.781658154781887;0.6546664106531732;;;;;;;;
reg;Parkinson's;ElasticNet;0.1118053204999998;0.09914617300000028;0.12918138049999994;0.1134230099778506;30;0.5703557535576897;0.2784905000072565;0.9270615122435342;0.4244231267824732;;;;;;;;
reg;Parkinson's;Forward-CV;1.0177640609999998;0.8698512132499999;1.1767299759999998;1.0265926414867863;30;0.5782753769612718;0.4221326804096412;0.624105129901276;0.5002040286854565;0.4348180657838064;0.260701592856852;0.514485427283415;0.3477598293203292;;;;
reg;Parkinson's;GainBoost;58.613847836;51.40801554075;73.07829547624999;59.11519187374506;30;0.5890370642091689;0.4555031656758886;0.6280986317041084;0.5222701149425287;0.5553699117640876;0.4008371505185732;0.5571975100922468;0.4781035311413304;;;;
reg;Parkinson's;GainBoost-noRW;65.27964025200001;52.44412379975;78.46107715375;65.74670782452449;30;0.5882004833363524;0.4563397465487049;0.6280197833493979;0.5222701149425287;;;;;;;;
reg;Parkinson's;Lasso;0.1363608209999998;0.12921710575000023;0.24664879050000055;0.1406772649497725;30;0.672717826658914;0.382237627340993;0.8911353490781269;0.5274777269999535;0.6831331913789938;0.3542629305046629;0.8304057421675966;0.5186980609418284;;;;
reg;Parkinson's;MRMR;0.9167425339999999;0.8062181565000002;1.0651874344999996;1.0821218045894057;30;0.1925043731075542;0.0051281993357596;0.8717544368019439;0.0988162862216569;;;;;;;;
reg;Parkinson's;P-value;0.7608577119999995;0.688994196;0.8364844009999997;0.8747544885263778;30;0.8941264163529162;0.5483349590856325;0.8325966328528515;0.7212306877192743;;;;;;;;
reg;Parkinson's;RReliefF;17.995656554500002;17.668683155;20.48027470325;18.36188802937977;30;;;1.0;;;;;;;;;
reg;Parkinson's;SHAPBoost (LR);1708.703225248;1523.36675988925;1962.00012659175;1718.2733783875592;30;0.5888156689211121;0.4557245609639453;0.6279072139264837;0.5222701149425287;0.556857417999899;0.4073786635679277;0.5568069357543041;0.4821180407839133;;;;
reg;Parkinson's;SHAPBoost-C;1101.407445327;1068.6431546525;1134.79521253925;1109.5835898483638;30;0.7374964724111496;0.6757985321389327;0.6908045977011494;0.7066475022750411;;;;;;;;
reg;Parkinson's;SHAPBoost-noRW;1491.474122946;1318.3401675372502;1753.15922290725;1500.9842297516298;30;0.5875275300011173;0.4521724781508349;0.6267058865182596;0.5198500040759761;0.556857417999899;0.4073786635679277;0.5568069357543041;0.4821180407839133;;;;
reg;Parkinson's;SHAPBoost (GBR);1871.987172277;1588.60064870325;2350.2004134035005;1882.8524313305388;30;0.4291435564587294;0.3502393296587728;0.4506932658656797;0.3896914430587511;;;;;;;;
reg;Parkinson's;XGBoost;4.8393155055;4.58343520625;5.420917580499999;5.091871277894825;30;0.6723021975054467;0.4541345841037486;0.7593439992684681;0.5632183908045977;0.4198833777684951;0.1442191863340689;0.6304130573317472;0.282051282051282;;;;
reg;Diabetes;Backward-CV;0.19079066150000035;0.17701976924999996;0.19496752375000004;0.19306717155268416;30;0.6747946184845812;0.5227060452555063;0.7609624156175879;0.5987503318700438;;;;;;;;
reg;Diabetes;Boruta;2.753602367;2.3130701735000003;6.415890501250001;3.0770808900124393;30;0.9368298726482452;0.8087178713928045;0.8149425287356322;0.8727738720205248;;;;;;;;
reg;Diabetes;ElasticNet;0.05349076000000008;0.05242505400000008;0.05421145649999992;0.05423919518943876;30;0.1190890570688257;-0.1257780202795481;0.9933333333333334;-0.0033444816053611;;;;;;;;
reg;Diabetes;Forward-CV;0.19490379049999995;0.19074706225000004;0.20204886924999998;0.19786528195254505;30;0.6560781381951817;0.5283279427626235;0.7478516694033934;0.5922030404789026;0.5785868592774224;0.4369454855505434;0.6874686716791981;0.5077661724139829;;;;
reg;Diabetes;GainBoost;3.4950535115;3.20047500875;3.75768735875;3.527893573453184;30;0.6859380836679994;0.5638589965281486;0.7524493705528187;0.624898540098074;0.455793002209174;0.2614762159996071;0.5771783625730994;0.3586346091043906;;;;
reg;Diabetes;GainBoost-noRW;3.4317925999999996;3.33071483175;3.8104566634999997;3.4602639954537153;30;0.6793839233240808;0.551798335897693;0.73851943076081;0.6155911296108869;;;;;;;;
reg;Diabetes;Lasso;0.05853152099999992;0.056803584999999934;0.060409497500000464;0.05926790100056678;30;0.5579867576012119;0.2275906917693402;0.8312452107279694;0.392788724685276;0.4534272443958017;0.2211247482339938;0.7383040935672515;0.3372759963148978;;;;
reg;Diabetes;MRMR;0.6995201780000002;0.6468251055000002;0.7406312567500001;0.8016180969425477;30;;;1.0;;;;;;;;;
reg;Diabetes;P-value;0.6268713729999997;0.5945867734999998;0.6960170784999999;0.7234833834809251;30;0.8516759583512002;0.6745871826562927;0.8437055281882868;0.7631315705037465;;;;;;;;
reg;Diabetes;RReliefF;0.8842574805000003;0.8300684924999996;0.9359792577499999;1.011717111512553;30;;;1.0;;;;;;;;;
reg;Diabetes;SHAPBoost (LR);15.5241652445;14.814238673;15.884363254499998;15.675017595996906;30;0.7714422706433475;0.6493357567039986;0.8062899106002553;0.710389013673673;0.5179584797453907;0.3295484314988456;0.5992314118629908;0.4237534556221182;;;;
reg;Diabetes;SHAPBoost-C;14.6379674055;14.33351260825;14.980918873250001;14.74917709059082;30;0.7911627329645978;0.6411420998086714;0.8124110563765736;0.7161524163866346;;;;;;;;
reg;Diabetes;SHAPBoost-noRW;16.235549782999996;15.089123899;16.86397356625;16.404179074219428;30;0.7717768020357381;0.6551736334534211;0.8006841817186644;0.7134752177445796;0.4950702934200273;0.322626121530392;0.5863157894736841;0.4088482074752096;;;;
reg;Diabetes;SHAPBoost (GBR);35.2490621485;28.7524867615;41.583538417750006;35.58025507698767;30;0.5160903289135222;0.3545070623733698;0.5453585112205802;0.435298695643446;;;;;;;;
reg;Diabetes;XGBoost;0.8660502284999994;0.8219587852499998;0.9218519884999998;0.9502333585405722;30;0.6478009262313754;0.4029831423886035;0.885485312899106;0.5253920343099895;0.3778848117781358;0.1204318496407116;0.727748538011696;0.2491583307094237;;;;
reg;California Housing;Backward-CV;0.371048649;0.34492905649999983;0.40969421475000045;0.37375737592810765;30;0.8236274088795579;0.4240214939417587;0.9373563218390804;0.6238244514106583;;;;;;;;
reg;California Housing;Boruta;61.7718605095;58.2706163055;67.24747335125;62.644858218496665;30;;;1.0;;;;;;;;;
reg;California Housing;ElasticNet;0.10634746600000011;0.10189910724999973;0.1172242100000005;0.10714672179892659;30;0.3344767985647008;0.0334388107302177;0.9408045977011494;0.1839578046474592;;;;;;;;
reg;California Housing;Forward-CV;0.41728140349999987;0.40418426875000013;0.4371614534999997;0.42027665325440466;30;0.8236274088795579;0.4240214939417587;0.9373563218390804;0.6238244514106583;0.6279850920271494;0.2024242646979968;0.8934210526315789;0.4152046783625731;;;;
reg;California Housing;GainBoost;59.718031811;55.02509686625;60.67216133625;60.162192285002675;30;0.983308035943232;0.8103705888283209;0.9483962780514504;0.8968393123857764;0.6459337100469981;0.4229248770988326;0.7892543859649122;0.5344292935729154;;;;
reg;California Housing;GainBoost-noRW;65.3560922285;61.7247018205;71.37276549250001;65.86600078642368;30;0.983308035943232;0.8103705888283209;0.9483962780514504;0.8968393123857764;;;;;;;;
reg;California Housing;Lasso;0.10176763349999973;0.09944597475000017;0.11990426050000025;0.10274996003136039;30;0.6998540068123548;0.3343988120032902;0.9288998357963876;0.5171264094078225;0.5287670893295275;0.15730980503404;0.8561403508771931;0.3430384471817838;;;;
reg;California Housing;MRMR;0.7340839670000001;0.7073947629999999;0.7974299522500004;0.8603150740382262;30;0.8346218722769922;0.4851702864381708;0.9456896551724138;0.6598960793575815;;;;;;;;
reg;California Housing;P-value;0.7047121969999999;0.6630832065000001;0.8616686910000004;0.8930020934640197;30;0.485088528538865;0.1407425748860414;0.9291461412151067;0.3129155517124532;;;;;;;;
reg;California Housing;RReliefF;174.20904757300002;172.93522647325;185.5406621335;175.88437566638459;30;0.1167271303830257;-0.1250953312198524;0.9916666666666668;-0.0041841004184133;;;;;;;;
reg;California Housing;SHAPBoost (LR);11096.016037098001;10980.07346702475;11405.89745783775;11166.227838888066;30;1.0276206809404065;0.8982938120369051;0.9904761904761904;0.9629572464886555;0.8650165466786457;0.6086676638476698;0.925563909774436;0.7368421052631577;;;;
reg;California Housing;SHAPBoost-C;8923.831929178501;8857.65321307275;9026.1853517665;8980.697201102506;30;1.0096350273599284;0.903376933495454;0.9777777777777776;0.9565059804276912;;;;;;;;
reg;California Housing;SHAPBoost-noRW;12206.288907727001;11849.58406178475;12481.277389955249;12301.448941193114;30;1.012898811264205;0.842870419505026;0.980952380952381;0.9278846153846154;0.8033581838475842;0.4219778835937467;0.8770989974937343;0.6126680337206655;;;;
reg;California Housing;SHAPBoost (GBR);11002.231403439;10584.848856196;11742.743748416251;11105.162466455018;30;0.8919177157897441;0.6394203655702596;0.917816091954023;0.7656690406800019;;;;;;;;
reg;California Housing;XGBoost;6.704317199;6.320478995;7.12298237025;6.854918550001457;30;;;1.0;;0.2208866525509165;-0.1396075053157461;0.9763157894736842;0.0406395736175851;;;;
surv;METABRIC;ElasticNet;4.437036424;4.26739005375;5.5150024795;4.465123747941107;30;0.6738372757687588;0.6389000999918627;0.5378115488903504;0.6563686878803108;;;;;;;;
surv;METABRIC;Forward-CV;71409.30137295701;54258.1611635435;81725.86398822375;71866.0164097147;30;0.295791245715984;0.2641519185862297;0.2301572735741409;0.2799715821511068;;;;;;;;
surv;METABRIC;GainBoost;989.1620288510001;865.9075531247499;1157.12824385825;997.1441082289675;30;0.3899423681769857;0.3485225053871;0.247046878552656;0.3692324367820428;0.2355112989233103;0.1826192706641139;0.136723613834959;0.2090652847937121;;;;
surv;METABRIC;GainBoost-noRW;589.6642939935;480.25521999175;688.37700933725;595.8960008046124;30;0.4307703043965862;0.3719983571462715;0.2710508522455687;0.4013843307714289;;;;;;;;
surv;METABRIC;Lasso;4.7924679789999995;4.537019915;6.484749965000001;4.828842662507668;30;0.6615654348658871;0.6182369082664144;0.5181944302866297;0.6399011715661508;0.267894427395122;0.2173293514601839;0.1796053541962805;0.242611889427653;;;;
surv;METABRIC;P-value;114.43976806149999;111.98636305775;118.78400890725001;115.28515108546708;30;0.654881900034143;0.5155091698170324;0.4646367463090372;0.5851955349255877;;;;;;;;
surv;METABRIC;SHAPBoost (CoxPH);1007.1958939645;809.3414562219999;1197.706224252;1014.9275344335474;30;0.464012853330066;0.4238608906840196;0.3049495187834706;0.4439368720070428;0.2382249430799067;0.1824058099560728;0.1409949526628195;0.2103153765179898;;;;
surv;METABRIC;SHAPBoost-C;993.7650590334999;874.568984799;1126.5703922465;1001.2820795159787;30;0.4662274585979355;0.4211974216925807;0.3047723061104139;0.4437124401452581;;;;;;;;
surv;METABRIC;SHAPBoost-noRW;795.4030323650001;657.25313378925;896.5415255017501;801.922867180896;30;0.4644613697344974;0.399752836978921;0.2959655533671112;0.4321071033567092;0.2314384088157866;0.1786762257446873;0.1319609363024836;0.205057317280237;;;;
surv;METABRIC;SHAPBoost (RSF);33460.16554155201;27743.36960151125;39059.74151668275;33633.91983453755;30;0.445751051372233;0.3792072078893746;0.2813269041276277;0.4124791296308038;;;;;;;;
surv;METABRIC;XGBoost;18.007257219499998;17.50561169225;19.44455741875;18.419771953529562;30;0.1300043048323254;0.0972732840238665;0.0938182493875471;0.1136387944280959;;;;;;;;
surv;Breast Cancer;Backward-CV;474.0494454185;413.63392654250003;521.4955698532499;478.67939406243386;30;0.1117664411928184;0.0546795809298442;0.5832216541050266;0.0832230110613313;;;;;;;;
surv;Breast Cancer;CIndexBoost-StabSel;1321.1064999999999;1263.962;1400.4625;347.4075;30;0.2595934668581123;-0.0339840493446468;0.0628930817610062;0.1128047087567327;;;;;;;;
surv;Breast Cancer;ElasticNet;0.5040661055;0.47110972074999957;0.5977431167500002;0.5079823049600236;30;0.4917533155212239;0.338178507008585;0.5419377045208569;0.4149659112649044;;;;;;;;
surv;Breast Cancer;Forward-CV;81.359565435;66.04498727699999;92.4080410415;81.95220718549535;30;0.2832658628908148;0.2081069778932956;0.2280983851840347;0.2456864203920552;0.0969566043834407;0.0175312152991107;0.0795261202039847;0.0572439098412757;;;;
surv;Breast Cancer;GainBoost;31.348835798499998;22.7745602365;39.78076099525;31.763751171529293;30;0.4087072968649902;0.3109566764038359;0.2727011396686853;0.359831986634413;0.0351637133447526;-0.0332510369168403;0.0190747702589807;0.0009563382139561;;;;
surv;Breast Cancer;GainBoost-noRW;15.318153173000002;13.689496698500001;18.302990482499997;15.539674480096437;30;0.4980177508913135;0.3865923149179615;0.3257469605745468;0.4423050329046375;;;;;;;;
surv;Breast Cancer;Lasso;1.1782149679999998;1.112421797;1.288315112;1.1878951120888814;30;0.4839517834658923;0.3091597271486078;0.5005323576241287;0.39655575530725;0.0907311943042928;-0.0132081571342314;0.2869141856486405;0.0387615185850307;;;;
surv;Breast Cancer;P-value;4.201626771;3.99621940275;4.6298147704999995;4.3452677835011855;30;0.6962373484661635;0.5970298334297273;0.5165349305866547;0.6466335909479454;;;;;;;;
surv;Breast Cancer;SHAPBoost (CoxPH);32.5075765645;22.571035857250003;36.790928003249995;32.949134474038146;30;0.3969291798409253;0.3057050663098196;0.2662342688863987;0.3513171230753724;0.0351637133447526;-0.0332510369168403;0.0190747702589807;0.0009563382139561;;;;
surv;Breast Cancer;SHAPBoost-C;29.499856778999998;24.5365483995;38.91370653325;29.801220828900114;30;0.4073243827463519;0.3271145756630056;0.278029691623158;0.3672194792046788;;;;;;;;
surv;Breast Cancer;SHAPBoost-noRW;14.815326507;13.384294313;17.650147566999998;15.021525128395297;30;0.4980177508913135;0.3865923149179615;0.3257469605745468;0.4423050329046375;0.0183989988437015;-0.0318804087905869;0.0035087719298245;-0.0067407049734427;;;;
surv;Breast Cancer;SHAPBoost (RSF);86.73825977199999;68.83060812775;109.401263642;87.51083180808928;30;0.4241049390892229;0.3486399757103144;0.3019730860360197;0.3863724573997686;;;;;;;;
surv;Breast Cancer;XGBoost;2.7041980294999997;2.58051418175;2.9753768234999995;2.8296138026053086;30;0.2699464857488033;0.1968461074625816;0.3292287843119021;0.2333962966056925;0.0896711423018401;-0.0036274558011081;0.1179774700235417;0.0430218432503659;;;;
surv;NHANES;Backward-CV;17548.5210421825;16192.26398360675;19186.99746163575;17689.16345489549;30;0.5989767335495711;0.5303040805888141;0.6935952117627823;0.5646404070691926;;;;;;;;
surv;NHANES;ElasticNet;8.454162573;8.04628433925;8.688485300500002;8.504473885521293;30;0.7505345860533399;0.7105670858452473;0.8311675648550693;0.7305508359492936;;;;;;;;
surv;NHANES;Forward-CV;8192.9120467175;7615.53425134675;8916.75768673225;8256.104105929087;30;0.6270883591288337;0.5609667694142153;0.6586617411881881;0.5940275642715245;0.4322262908859913;0.3476060490583701;0.4842133735185972;0.3899161699721807;;;;
surv;NHANES;GainBoost;642.7726167615001;593.9042050677501;674.47406466525;648.0119929879438;30;1.0015501066578625;0.9824102767460168;0.9871264367816092;0.9919801917019396;0.8255926134004896;0.7554863061499721;0.6951474840948525;0.7905394597752309;;;;
surv;NHANES;GainBoost-noRW;633.4218161825;602.66783149975;672.81146425425;637.4869732154766;30;1.0015501066578625;0.9824102767460168;0.9871264367816092;0.9919801917019396;;;;;;;;
surv;NHANES;Lasso;8.3870273175;8.21734473;8.776233313250001;8.44932199944742;30;0.7547367054847222;0.7176602690927937;0.8336426491877951;0.7361984872887579;0.4267126792127036;0.3391660463782517;0.6275321153504914;0.3829393627954777;;;;
surv;NHANES;P-value;59.474710645;58.272295419;62.36546762150001;60.01098736899439;30;0.9341688155152316;0.8859673345888669;0.9304594335728116;0.9100680750520492;;;;;;;;
surv;NHANES;SHAPBoost (CoxPH);652.3204990300001;620.47852152975;681.7032244165001;657.4179745588917;30;1.0015501066578625;0.9824102767460168;0.9871264367816092;0.9919801917019396;0.8255926134004896;0.7554863061499721;0.6951474840948525;0.7905394597752309;;;;
surv;NHANES;SHAPBoost-C;654.973681528;623.64374761875;684.6609580905;661.0650346588809;30;1.0015501066578625;0.9824102767460168;0.9871264367816092;0.9919801917019396;;;;;;;;
surv;NHANES;SHAPBoost-noRW;654.989103402;631.9041564849999;665.560980416;659.7366253413493;30;1.0015501066578625;0.9824102767460168;0.9871264367816092;0.9919801917019396;0.8445488393864695;0.7736148971218202;0.7170043991096622;0.8090818682541449;;;;
surv;NHANES;SHAPBoost (RSF);20910.104459515;7104.23252739775;47865.550569272;21054.323414767627;30;0.5267949556409627;0.4460343888332216;0.4270094083323414;0.4864146722370921;;;;;;;;
surv;NHANES;XGBoost;75.14576208950001;71.11968824324998;81.18023313175;75.82331196096493;30;0.4544950507826042;0.3944691703325031;0.7332390718774134;0.4244821105575537;0.4683119027311873;0.4028988971556746;0.6435234680265989;0.4356053999434309;;;;
surv;SUPPORT;Backward-CV;2703.8938571169997;2584.71235000425;2846.73574262;2722.0761280906154;30;0.5052624085364004;0.4417268663543622;0.6347233265016003;0.4734946374453813;;;;;;;;
surv;SUPPORT;ElasticNet;8.482252682;8.217918578;9.0178967505;8.533866456476972;30;0.7812986535863414;0.7027177344819157;0.8788064227920545;0.7420081940341285;;;;;;;;
surv;SUPPORT;Forward-CV;2394.3831621445;2278.5966662099995;2545.7022496095;2410.930050497467;30;0.6709005691550973;0.6118356019624487;0.7103908333729285;0.641368085558773;0.4825696471069275;0.3966764484877379;0.5293285318665215;0.4396230477973327;;;;
surv;SUPPORT;GainBoost;1644.6847563595;1558.74800643;1710.85840197925;1657.2384232028853;30;0.7701234677064643;0.7265647983060839;0.6936454758582975;0.7483441330062741;0.698661853447101;0.5918230708406402;0.5955614440541948;0.6452424621438706;;;;
surv;SUPPORT;GainBoost-noRW;1645.4585952115;1567.2448426474998;1755.54214610675;1657.5868305279873;30;0.7837643909770017;0.7457210818440595;0.7099791269448044;0.7647427364105306;;;;;;;;
surv;SUPPORT;Lasso;8.47358938;8.1628492965;8.71340713975;8.525245141936466;30;0.7830925823701003;0.7205910457464182;0.8806308897940399;0.7518418140582592;0.534029201773492;0.4328858026325001;0.6926603898418588;0.4834575022029961;;;;
surv;SUPPORT;P-value;56.4871896355;55.95624298925;59.64910299500001;56.99492230056785;30;0.8732598586607602;0.8119706696222121;0.8712969707190901;0.8426152641414861;;;;;;;;
surv;SUPPORT;SHAPBoost (CoxPH);1650.990078234;1533.470844863;1738.5684225950001;1663.8472032624995;30;0.7706399088678636;0.726998001925793;0.6943242831902489;0.7488189553968283;0.6969747445586285;0.5829172932281463;0.592391955801604;0.6399460188933874;;;;
surv;SUPPORT;SHAPBoost-C;1575.364943173;1512.107836106;1644.63324563075;1587.0915550850332;30;0.8106345190992391;0.7479544819663356;0.72740073569875;0.7792945005327874;;;;;;;;
surv;SUPPORT;SHAPBoost-noRW;1636.8837417569998;1549.98583224775;1734.652981898;1649.7289896255243;30;0.7813824626552118;0.7437995236367735;0.7073083052849788;0.7625909931459927;0.6827497933547274;0.574721456284892;0.5843420148053927;0.6287356248198097;;;;
surv;SUPPORT;SHAPBoost (RSF);91539.0272868195;81086.52145530275;117978.86528595575;92308.43471331347;30;0.5920861518737947;0.5104634195535135;0.5306409052880123;0.5512747857136541;;;;;;;;
surv;SUPPORT;XGBoost;42.191940608500005;41.506497574250005;44.413914612;42.532477976041264;30;0.4086513121445016;0.2634438876283927;0.7518042428465488;0.3360475998864471;0.3891450979593424;0.2659978098151437;0.6996048844067885;0.327571453887243;;;;
surv;NACD;Backward-CV;1800.8330534365;1530.9122057445;1936.3037240419999;1813.5636896174765;30;0.2699564463553968;0.1972881811148532;0.5263869232477968;0.233622313735125;;;;;;;;
surv;NACD;ElasticNet;1.8727139455;1.8429988324999997;1.97010065225;1.8851095404825173;30;0.6843149819698622;0.5936127777184226;0.8201206448684775;0.6389638798441424;;;;;;;;
surv;NACD;Forward-CV;1405.7583189895;1303.5937654512502;1458.7886219755;1415.4587926345412;30;0.5521789720325708;0.4516974034791282;0.588030533132082;0.5019381877558495;0.3313067255122374;0.24351027035739;0.3960543410047805;0.2874084979348137;;;;
surv;NACD;GainBoost;1273.409078996;1020.703022596;5853.8646000730005;1287.4372862890013;30;0.6937198001754492;0.611314976672451;0.6464969946424604;0.6525173884239501;0.6251871257848305;0.519177133014689;0.5435206107169236;0.5721821293997598;;;;
surv;NACD;GainBoost-noRW;1120.4073685955;940.46140516475;6074.6460429237495;1130.763544567977;30;0.7811980747382129;0.7051162087345771;0.7180124396285411;0.743157141736395;;;;;;;;
surv;NACD;Lasso;1.8933309565;1.8572206054999998;2.03862411475;1.9072758570255246;30;0.671677626605776;0.5708527661203671;0.8097523235623243;0.6212651963630715;0.4346544550392074;0.3432244516211832;0.626777016145736;0.3889394533301953;;;;
surv;NACD;P-value;39.3357832875;37.43742721475;40.16428070725;39.737660054001026;30;0.8728085357909571;0.7356742071093044;0.9389823222156384;0.8042413714501307;;;;;;;;
surv;NACD;SHAPBoost (CoxPH);1218.0407192315001;996.4512226985;5083.84113764825;1228.4071128715295;30;0.6857149381070898;0.6047577271707295;0.6366231093527566;0.6452363326389097;0.6307216363096242;0.5221008361458268;0.5459441497148935;0.5764112362277255;;;;
surv;NACD;SHAPBoost-C;1072.7875742035;894.227649066;5626.39462575075;1087.9330664644658;30;0.7037246800141274;0.6273358274679804;0.6453743958253019;0.6655302537410539;;;;;;;;
surv;NACD;SHAPBoost-noRW;1095.7459639610001;902.06450565525;5977.166809337001;1104.4010050400393;30;0.784784826694744;0.7094242473202356;0.7202226565522781;0.7471045370074898;0.6461455462147432;0.5350939450457974;0.5530607879730858;0.5906197456302703;;;;
surv;NACD;SHAPBoost (RSF);7192.6978487935;5819.551756131001;8034.5717578175;7247.199817467015;30;0.6902115560443569;0.5999401401204048;0.5879587481641175;0.6450758480823808;;;;;;;;
surv;NACD;XGBoost;27.315272729500002;26.5792102915;28.490948459;27.584077284460363;30;0.2418206381096499;0.077194005468949;0.7570346244948615;0.1595073217892995;0.3823290707689127;0.2213045750347458;0.5496070204002834;0.3018168229018293;;;;
surv;AIDS;Backward-CV;62.8319576075;59.85364273275;68.96317917900001;63.32992276351433;30;0.4018718807910472;0.2950312402580616;0.4133519290415842;0.3484515605245544;;;;;;;;
surv;AIDS;ElasticNet;0.29751900149999977;0.2904001297500002;0.32152827724999955;0.30013054073788226;30;0.6384469674343867;0.488831498595756;0.6808224039837684;0.5636392330150714;;;;;;;;
surv;AIDS;Forward-CV;32.3661351085;29.135930962750002;37.36944001125;32.62882450054167;30;0.5321524174778877;0.3777802424547719;0.4774233556992177;0.4549663299663298;0.2868980519404113;0.1815648825842291;0.3205943325680168;0.2342314672623202;;;;
surv;AIDS;GainBoost;24.958979888000002;21.463024931;27.63835938725;25.43244248299743;30;0.6040065023298715;0.4365171746869345;0.4874940704251049;0.520261838508403;0.5274397071147592;0.3297977700467369;0.394660135186451;0.428618738580748;;;;
surv;AIDS;GainBoost-noRW;23.2212407145;19.04543403925;25.598786989000004;23.64980518000084;30;0.6117557263435512;0.4492384728893791;0.4931590950556467;0.5304970996164652;;;;;;;;
surv;AIDS;Lasso;0.3012943495;0.288039481;0.33544539524999994;0.3050579685950652;30;0.5768450417587405;0.4564045044379629;0.599162119902485;0.5166247730983518;0.4040580047083216;0.277117670005059;0.4258230193343713;0.3405878373566903;;;;
surv;AIDS;P-value;3.717348864;3.4625189704999997;4.103658809250001;3.866242779433378;30;0.8567328823966167;0.7791453661623882;0.7786042692939246;0.8179391242795024;;;;;;;;
surv;AIDS;SHAPBoost (CoxPH);25.2591284725;20.88192177375;28.8310845035;25.735571482946398;30;0.6040065023298715;0.4365171746869345;0.4874940704251049;0.520261838508403;0.5274397071147592;0.3297977700467369;0.394660135186451;0.428618738580748;;;;
surv;AIDS;SHAPBoost-C;23.560974979;20.2872448905;26.01332593475;23.966011147480458;30;0.6312631315824984;0.4523894865528782;0.5058419996351031;0.5418263090676882;;;;;;;;
surv;AIDS;SHAPBoost-noRW;23.1774105955;21.058214701;24.836690665249996;23.919662835105555;30;0.6117557263435512;0.4492384728893791;0.4931590950556467;0.5304970996164652;0.5136602350729056;0.3258134491376208;0.37687552213868;0.4197368421052632;;;;
surv;AIDS;SHAPBoost (RSF);129.417673603;83.01816216025;190.9005212885;130.71285042201634;30;0.2922757321250308;0.1862793718414337;0.2722343875792151;0.2392775519832323;;;;;;;;
surv;AIDS;XGBoost;4.432786472999999;4.21653788925;4.646591276;4.548344148497563;30;0.4514803062683661;0.3658158075794719;0.5426572848682382;0.408648056923919;0.3841245685127773;0.2157656189529061;0.4180911997359365;0.2999450937328417;;;;
surv;WHAS;Backward-CV;14.546863534499998;13.492498052499998;16.0701496975;14.640473059378564;30;0.5509661579875889;0.3878932584580343;0.6728906406492613;0.4694297082228116;;;;;;;;
surv;WHAS;CIndexBoost-StabSel;14980.5485;8181.38375;22749.14475;3919.0825;30;1.0000000000000009;0.9999999999999992;1.0;1.0;;;;;;;;
surv;WHAS;ElasticNet;0.30243101400000016;0.2998993382499996;0.3191483869999996;0.3054216079763137;30;0.6352283097610403;0.3623477321499768;0.7571066736583978;0.4987880209555085;;;;;;;;
surv;WHAS;Forward-CV;13.976224793;13.072648738000002;14.525683388;14.081409365484433;30;0.6753116343126472;0.5425513020149481;0.7065321523942213;0.6089314681637976;0.5191625375608548;0.304960269456689;0.511465785676312;0.4120614035087719;;;;
surv;WHAS;GainBoost;19.3972508785;18.27690883525;20.910301798499997;19.820104592014104;30;0.9166365780031032;0.8033828265926178;0.8537082649151615;0.8600097022978606;0.6619156268170949;0.5251856490999705;0.5809711779448622;0.5935506379585327;;;;
surv;WHAS;GainBoost-noRW;19.6911687695;17.65598082575;21.816597076249998;20.134425564552657;30;0.9166365780031032;0.8033828265926178;0.8537082649151615;0.8600097022978606;;;;;;;;
surv;WHAS;Lasso;0.3029053005000004;0.299804328;0.33000233499999965;0.30563909391639754;30;0.6473219192293468;0.3703211981820685;0.7677234323786047;0.5088215587057077;0.504203208343664;0.2764198925894144;0.5974501813975499;0.3903115504665392;;;;
surv;WHAS;P-value;2.941862726;2.8379778732500003;3.09784896625;3.07321388006676;30;0.8218471764677022;0.6801067735149329;0.7892017879948915;0.7509769749913175;;;;;;;;
surv;WHAS;SHAPBoost (CoxPH);18.503146869;17.348142543500003;20.2130167095;19.22696573799476;30;0.9245160964868328;0.8081098982081274;0.8605172413793104;0.8663129973474801;0.6619156268170949;0.5251856490999705;0.5809711779448622;0.5935506379585327;;;;
surv;WHAS;SHAPBoost-C;18.9884455915;17.416082769750002;21.3403048505;19.301798375410726;30;0.9245160964868328;0.8081098982081274;0.8605172413793104;0.8663129973474801;;;;;;;;
surv;WHAS;SHAPBoost-noRW;18.395310709;17.342058494;20.6716797225;18.75059526565019;30;0.920088460456986;0.8055313551178518;0.8567296113847839;0.862809907787419;0.6731221960843031;0.5422469396369006;0.5900125313283208;0.6076845678606019;;;;
surv;WHAS;SHAPBoost (RSF);80.01394530900001;67.20050103049999;101.08120557149999;80.88122129999101;30;0.6178821007090189;0.4644123289992039;0.585138660828316;0.5411472148541114;;;;;;;;
surv;WHAS;XGBoost;2.9882442385;2.90403075175;3.0905756327500002;3.1306248415494338;30;0.62886218403131;0.4293927793960672;0.7509546137132344;0.5291274817136886;0.458876415278712;0.2631074324820882;0.6783089717300242;0.3609919238804001;;;;
