dataset,analysis,method,runs,nogueira,ci_low,ci_high,jaccard,k_median,wall_s_median,wall_s_q75,cpu_s_median
metabric_full,outer folds,Lasso,30,0.6399011715661508,0.6182369082664144,0.6615654348658871,0.5181944302866297,87.5,4.828842662507668,6.52883734923671,4.7924679789999995
metabric_full,outer folds,ElasticNet,30,0.6563686878803108,0.6389000999918627,0.6738372757687588,0.5378115488903504,88.5,4.465123747941107,5.5526912562709185,4.437036424
metabric_full,outer folds,XGBoost,30,0.11363879442809599,0.09727328402386656,0.13000430483232542,0.0938182493875471,38.0,18.419771953529562,19.703631015465362,18.007257219499998
metabric_full,outer folds,P-value,30,0.5851955349255877,0.5155091698170324,0.654881900034143,0.46463674630903723,57.0,115.28515108546708,119.98238237341866,114.43976806149999
metabric_full,outer folds,Forward-CV,30,0.27997158215110685,0.2641519185862297,0.295791245715984,0.2301572735741409,89.0,71866.0164097147,82294.04397114727,71409.30137295701
metabric_full,outer folds,GainBoost-noRW,30,0.4013843307714289,0.37199835714627155,0.4307703043965862,0.2710508522455687,13.5,595.8960008046124,695.7910244655795,589.6642939935
metabric_full,outer folds,SHAPBoost-noRW,30,0.4321071033567092,0.399752836978921,0.4644613697344974,0.2959655533671112,18.5,801.922867180896,903.2301768201287,795.4030323650001
metabric_full,outer folds,GainBoost,30,0.36923243678204287,0.34852250538710006,0.3899423681769857,0.24704687855265606,24.0,997.1441082289675,1166.5099643753492,989.1620288510001
metabric_full,outer folds,SHAPBoost,30,0.4439368720070428,0.4238608906840196,0.464012853330066,0.3049495187834706,22.5,1014.9275344335474,1209.9984537664568,1007.1958939645
metabric_full,outer folds,SHAPBoost-C,30,0.4437124401452581,0.42119742169258073,0.4662274585979355,0.30477230611041395,22.5,1001.2820795159787,1134.7627360449987,993.7650590334999
metabric_full,outer folds,SHAPBoost-tree,30,0.4124791296308038,0.3792072078893746,0.445751051372233,0.28132690412762773,12.0,33633.91983453755,39303.534806988726,33460.16554155201
metabric_full,20 half-samples,SHAPBoost,20,0.21031537651798982,0.18240580995607286,0.23822494307990677,0.14099495266281958,24.0,726.229698024501,923.7776943845056,716.3943467029994
metabric_full,20 half-samples,SHAPBoost-noRW,20,0.20505731728023702,0.17867622574468736,0.23143840881578667,0.1319609363024836,16.0,490.01128182950197,531.3649266565026,483.2114180409999
metabric_full,20 half-samples,GainBoost,20,0.20906528479371211,0.1826192706641139,0.23551129892331032,0.136723613834959,20.5,620.4705939380001,872.1641873949993,612.0509655489968
metabric_full,20 half-samples,Lasso,20,0.242611889427653,0.21732935146018398,0.26789442739512204,0.17960535419628051,49.5,10.9540712550006,11.55477564049579,10.83443522000016
